Model,Target,MSE,RMSE,R2,RMSE_Improvement_pct
LightGBM,Y1,0.22905144996481103,0.47859319882841106,0.9978024748696317,84.18095232834632
Random Forest,Y1,0.24732190259740033,0.49731469171682463,0.9976271877068152,83.56214665118392
Extra Trees,Y1,0.2563569863636368,0.5063170808531318,0.9975405048954454,83.26458867657284
Gradient Boosting,Y1,0.2653120036648067,0.5150844626513273,0.9974545902436708,82.97479845188774
Linear Regression,Y1,9.153187855202756,3.0254235827736182,0.912184095154691,0.0
LightGBM,Y2,1.262629305442772,1.1236677914057926,0.9863731172192004,64.27563306485878
Gradient Boosting,Y2,2.2934848790688847,1.5144255937710789,0.9752476443625325,51.852410452949265
Extra Trees,Y2,2.9607969372077907,1.7206966429931194,0.9680457022285471,45.29450899233545
Random Forest,Y2,2.9777970415584347,1.7256294624160873,0.9678622291947366,45.137681634250875
Linear Regression,Y2,9.89342764794407,3.1453819558114193,0.8932255268607289,0.0
